{
  "functions": {
    "source": "functions"
  },
  "hosting": {
    "public": "public",
    "ignore": [
      "firebase.json",
      "**/.*",
      "**/node_modules/**"
    ]
  },
  "firestore": {
    "database": "(default)",
    "location": "eur3",
    "rules": "firestore.rules",
    "indexes": "firestore.indexes.json"
  },
  "storage": {
    "rules": "storage.rules"
  },
  "database": {
    "rules": "database.rules.json"
  },
  "emulators": {
    "auth": {
      "host": "127.0.0.1",
      "port": 5001
    },
    "functions": {
      "host": "127.0.0.1",
      "port": 5001
    },
    "firestore": {
      "host": "127.0.0.1",
      "port": 8080
    },
    "database": {
      "host": "127.0.0.1",
      "port": 9001
    },
    "hosting": {
      "host": "127.0.0.1",
      "port": 5000
    },
    "pubsub": {
      "host": "127.0.0.1",
      "port": 8089
    },
    "storage": {
      "host": "127.0.0.1",
      "port": 9199
    },
    "eventarc": {
      "host": "127.0.0.1",
      "port": 9299
    },
    "tasks": {
      "host": "127.0.0.1",
      "port": 9499
    },
    "ui": {
      "enabled": true,
      "host": "127.0.0.1"
    },
    "singleProjectMode": true
  }
}