{
  // Example (Standard Edition):
  //
  // "indexes": [
  //   {
  //     "collectionGroup": "widgets",
  //     "queryScope": "COLLECTION",
  //     "fields": [
  //       { "fieldPath": "foo", "arrayConfig": "CONTAINS" },
  //       { "fieldPath": "bar", "mode": "DESCENDING" }
  //     ]
  //   },
  //
  //  "fieldOverrides": [
  //    {
  //      "collectionGroup": "widgets",
  //      "fieldPath": "baz",
  //      "indexes": [
  //        { "order": "ASCENDING", "queryScope": "COLLECTION" }
  //      ]
  //    },
  //   ]
  // ]
  //
  // Example (Enterprise Edition):
  //
  // "indexes": [
  //   {
  //     "collectionGroup": "reviews",
  //     "queryScope": "COLLECTION_GROUP",
  //     "apiScope": "MONGODB_COMPATIBLE_API",
  //     "density": "DENSE",
  //     "multikey": false,
  //     "fields": [
  //       { "fieldPath": "baz", "mode": "ASCENDING" }
  //     ]
  //   },
  //   {
  //     "collectionGroup": "items",
  //     "queryScope": "COLLECTION_GROUP",
  //     "apiScope": "MONGODB_COMPATIBLE_API",
  //     "density": "SPARSE_ANY",
  //     "multikey": true,
  //     "fields": [
  //       { "fieldPath": "baz", "mode": "ASCENDING" }
  //     ]
  //   },
  // ]
  "indexes": [
    {
      "collectionGroup": "conversations",
      "queryScope": "COLLECTION",
      "fields": [
        { "fieldPath": "userId", "order": "ASCENDING" },
        { "fieldPath": "timestamp", "order": "DESCENDING" }
      ]
    }
  ],
  "fieldOverrides": []
}